{
 "4": {
  "silhouette": 0.10117467492818832,
  "davies_bouldin": 3.2472157549139187,
  "inertia": 97.9417724609375
 },
 "5": {
  "silhouette": 0.06585004925727844,
  "davies_bouldin": 3.6485179190039245,
  "inertia": 95.80431365966797
 },
 "6": {
  "silhouette": 0.05132630094885826,
  "davies_bouldin": 3.6151224950609966,
  "inertia": 94.25235748291016
 },
 "7": {
  "silhouette": 0.04957341030240059,
  "davies_bouldin": 3.7976137867153668,
  "inertia": 92.8692398071289
 },
 "8": {
  "silhouette": 0.04645561799407005,
  "davies_bouldin": 3.796595706928387,
  "inertia": 91.64468383789062
 },
 "9": {
  "silhouette": 0.043868087232112885,
  "davies_bouldin": 3.7754623511728695,
  "inertia": 90.72415924072266
 },
 "10": {
  "silhouette": 0.04436942934989929,
  "davies_bouldin": 3.7003441596357782,
  "inertia": 90.00048828125
 }
}